名称,拼音,英文名,拉丁名,类别,来源,产地,性状,品质,性味,功效
肉豆蔻,Roudoukou,Nutmeg,Myristicae Semen,果实及种子类,肉豆蔻科植物肉豆蔻Myristica fragrans Houtt.的干燥种仁。,主产马来西亚、印尼、斯里兰卡等地，我国广东、广西、云南亦有栽培。,该品呈卵圆形或椭圆形，长2~3cm，直径1.5~2.5cm。表面灰棕色或灰黄色，有时外被白粉 (石灰粉末) 。全体有浅色纵行沟纹及不规则网状沟纹。种脐位于宽端，呈浅色圆形突起，合点呈暗凹陷。种脊呈纵沟状，连接两端。质坚，断面显棕黄色相杂的大理石花纹，宽端可见干燥皱缩的胚，富油性。气香浓烈，味辛。,以个大、表面具紫褐色光泽、仁饱满、色白者为佳。,辛、苦，温。,温中涩肠；行气消食。用于虚泻；冷痢；脘腹胀痛；食少呕吐；宿食不消。
桑椹,Sangshen,Mullberry Fruit,Mori Fructus,果实及种子类,桑科植物桑Morus alba L.的干燥果穗。,主产浙江、江苏、安徽、新疆等地。,该品为聚花果，由多数小核果集合而成，呈长圆形，长1~2cm，直径0.5~0.8cm。黄棕色、棕红色至暗紫色，(比较少见的颜色成熟后呈乳白色)，有短果序梗。小核果卵圆形，稍扁，长约2mm，宽约1mm，外具肉质花被片4 枚。气微，味微酸而甜。,以个大、肉厚、色紫红、糖分足者为佳。,甘、酸，寒。,补血滋阴，生津润燥。用于眩晕耳鸣，心悸失眠，须发早白，津伤口渴，内热消渴，血虚便秘。补肝，益肾，熄风，滋液。治肝肾阴亏，消渴，便秘，目暗，耳鸣，瘰疬，关节不利。
山楂,Shanzha,Chinese Hawthorn Fruit,Crataegi Fructus,果实及种子类,蔷薇科植物山里红Crataegus pinnatifida Bge. var. major N. E. Br.或山楂Crataegus pinnatifida Bge.的干燥成熟果实。,主产河南、河北、山东等地。,果实较小，类球形，直径0.8~1.4cm，有的压成饼状。表面棕色至棕红色，并有细密皱纹，顶端凹陷，有花萼残迹，基部有果梗或已脱落。,以果大、肉厚、核少、皮红者为佳。,甘、酸，微温。,开胃消食、化滞消积、活血散瘀、化痰行气。用于肉食滞积、症瘕积聚、腹胀痞满、瘀阻腹痛、痰饮、泄泻、肠风下血等。
蛇床子,Shechuangzi,Common Cnidium Fruit,Cnidii Fructus,果实及种子类,伞形科植物蛇床Cnidium monnieri (L.) Cuss的干燥成熟果实。,主产河北、广西、浙江、山东等地。,双悬果细小，呈椭圆形，长2~4mm，直径约2mm。表面灰黄色或灰褐色，顶端有2枚向外弯曲的柱基，基部偶有细梗。悬果瓣的背面有薄而突起的纵棱5条，接合面平坦，有2条棕色略突起的纵棱线。果皮松脆；种子细小，灰棕色，显油性。气香，味辛凉，有麻舌感。,以灰黄色、颗粒饱满、气味浓者为佳。,辛、苦，温，有小毒。,解毒杀虫 燥湿 祛风。用于；外治外阴湿疹，妇人阴痒 滴虫性阴道炎 湿疹疥癣 ；寒湿带下 ； 湿痹腰痛 ；肾虚阳痿； 宫冷不孕 。
水红花子,Shuihonghuazi,Prince's Feather Fruit,Polygni Orientalis Fructus,果实及种子类,蓼科植物红蓼Polygonum orientale L.的干燥成熟果实。,主产东北、华北地区。,呈扁圆形，直径2~3mm，厚1~1.5mm。表面棕黑色，或红棕色，有光泽，两侧面微凹入，其中央呈微隆起的线状，先端有刺状突起的柱基，基部有浅棕色略突起的果柄痕，有时残留膜质花被。果皮厚而坚硬。种子扁圆形，种皮浅棕色膜质；胚乳粉质，类白色，胚细小弯曲，略成环状。气微弱，味淡。,以饱满充实，色红黑者为佳。,咸，微寒。,散血消症，消积止痛。用于症瘕痞块，瘿瘤，食积不消，胃脘胀痛，水肿腹水。
丝瓜络,Sigualuo,"Loofah, Towel Gourd Vegetable Sponge",Luffae Fructus Retinervus,果实及种子类,葫芦科植物丝瓜Luffa cylindrica (L.) Roem.的干燥成熟果实的维管束。,各地均产，浙江慈溪和江苏所产质量最佳。,药材为丝状维管束交织而成，多呈长棱形或长圆筒形，略弯曲，长30~70cm，直径7~10cm。表面淡黄白色。体轻，质韧，有弹性，不能折断。横切面可见子房3室，呈空洞状。气微，味淡。,以个大长条、去除外皮、网状维管束黄白色者为佳。,甘，平。,通络，活血，祛风。用于痹痛拘挛、胸胁胀痛、乳汁不通。
桃仁,Taoren,Peach Seed,Persicae Semen,果实及种子类,蔷薇科植物桃Prunus persica (L.) Batsch或山桃Prunus davidiana (Carr.) Franch.的干燥成熟种子。,主产北京、河北、陕西等地。,种子扁卵形或椭圆形，一端尖，另端钝圆而偏斜，边缘较薄，长1.2~2cm，宽1~1.2cm，厚3~5mm。表面黄棕色或红棕色，有纵脉纹及密布细粒状突起，近尖端侧边有长4~6mm的线形种脐。种皮薄，子叶两片肥大，黄白色，富油质。味微苦。,以颗粒均匀、红棕色、饱满者为佳。,苦、甘，平。,活血祛瘀，润肠通便，止咳平喘。用于经闭，痛经，癓瘕痞块，跌扑损伤，肠燥便秘。
葶苈子,Tinglizi,Pepperweed Seed,Descurainiea Semen;Lepidii Semen,果实及种子类,十字花科植物播娘蒿Descurainia sophia (L.) Webb ex Prantl或独行菜Lepidium apetalum Willd.的干燥成熟种子。前者亦称“南葶苈子”，后者习称“北葶苈子”。,主产中南以及华东地区。,南葶苈子：长圆形略扁，长0.8~1.2mm，宽约0.5mm；表面黄棕色，一端钝圆，另一端微凹或较平截，中央凹入，种脐位于凹下处，种子表面具有细密的网纹及2条纵列的浅槽。气微，味微辛，略带粘性。北葶苈子：种子扁卵形，长1~1.5-mm，宽0.5~1mm。表面黄棕色或红棕色，微有光泽，具多数细微颗粒状突起，并可见2条纵列的浅槽，其中一条较明显，一端钝圆，另端渐尖而微凹，种脐位于凹下处，但不明显。无臭，味微苦辛，粘性较强。,以子粒充实、均匀、红棕色者为佳。,辛、苦，大寒。,泻肺降气；祛痰平喘；利水消肿；泄逐邪。主治痰涎壅肺之喘咳痰多；肺痈；水肿；胸腹积水；小便不利；慢性肺源性心脏病；心力衰竭之喘肿；瘰疬结核。
菟丝子,Tusizi,Chinese Dodder Seed,Cuscutae Semen,果实及种子类,旋花科植物菟丝子Cuscuta chinensis Lam.的干燥成熟种子。,主产江苏、河北、吉林等地。,菟丝子种子类圆形，腹棱线明显，两侧常凹陷，长径1.4~1.6mm，短径0.9~1.1mm。表面灰棕色或黄棕色，因具有细密突起的小点儿微粗糙，种皮坚硬，不易破碎，除去种皮可中央为卷旋3周的胚，胚乳膜质套状，位于胚周围，气微，味微苦、涩。,以粒饱满者为佳。,甘，温。,补肾益精、养肝明目、固胎止泄。
王不留行,Wangbuliuxing,Cowherb Seed,Vaccariae Semen,果实及种子类,石竹科植物麦蓝菜Vaccaria segetalis (Neck.) Garcke的干燥成熟种子。,主产江苏、河北、河南、陕西等地。,该品呈球形，直径约2mm。表面黑色，少数红棕色，略有光泽，有细密颗粒 状突起，另有一浅色圆点状肿脐及一凹陷的纵向浅沟。质坚硬，断面灰白色，角质样。无臭，味微涩苦。,以粒饱满、黑色者为佳。,苦，平。,活血通经，消肿止痛，催生下乳的功能。主治月经不调，乳汁缺乏，难产，痈肿疔毒等症，是临床常用下乳的重要药。
五味子,Wuweizi,Chinese Magnoliavine Fruit,Schisandrae Chinensis Fructus,果实及种子类,木兰科植物五味子Schisandra chinensis (Turcz.) Baill.的干燥成熟果实。,主产东北地区。,干燥果实略呈球形或扁球形，直径5~8mm。外皮鲜红色，紫红色或暗红色。显油润，有不整齐的皱缩。果肉柔软，常数个粘连一起；内含种子1~2枚，肾形，棕黄色，有光泽，坚硬，种仁白色。果肉气微弱而特殊，味酸。种子破碎后有香气，味辛而苦。,以紫红色、粒大、肉厚、有油性及光泽者为佳。,酸、甘，温。,收敛固涩，益气生津，补肾宁心。用于久嗽虚喘，梦遗滑精，遗尿尿频，久泻不止，自汗，盗汗，津伤口渴，短气脉虚，内热消渴，心悸失眠。
吴茱萸,Wuzhuyu,Medicinal Evodia Immature Fruit,Euodiae Fructus,果实及种子类,芸香科植物吴茱萸Evodia rutaecarpa (Juss.) Benth.的干燥近成熟果实。,主产云贵地区以及湖南等地。,果实呈五角状扁球形，直径2~5mm。表面暗黄绿色至褐色，粗糙，有点状突起或凹下的油点。顶端有五角星状的裂隙，基部残留被有黄色茸毛的果梗。质硬而脆。气芳香浓郁，味辛辣而苦。,以绿色、粒小、饱满坚实、香气浓者为佳。,辛、苦，热，有小毒。,散寒止痛、降逆止呕。用于治疗肝胃虚寒、阴浊上逆所致的头痛或胃脘疼痛等症。
相思子,Xiangsizi,Coralhead Plant Seed,Abri precatorii Semen,果实及种子类,豆科植物相思子Abrus precatorius L.的干燥近成熟种子。,主产广东、广西、福建、云南等地。,干燥种子呈椭圆形，少数近于球形，长径5~7mm，短径4~5mm，表面红色，种脐白色椭圆形，位于腹面的一端，在其周围呈乌黑色，约占种皮表面的1/4~1/3，种脊位于种脐一端，呈微凸的直线状。种皮坚硬，不易破碎，内有2片子叶和胚根，均为淡黄色。气青草样，味涩。,以个大、红头、黑底、色艳、粒圆、饱满者为佳。,辛、苦、平，有小毒。,清热解毒，涌吐，杀虫。外用治癣疥，痈疮，湿疹。
香橼,Xiangyuan,Medical Citron Fruit,Citri Fructus,果实及种子类,芸香科植物枸橼Citrus medica L.的干燥成熟果实。,主产四川、福建、云南等地。,果为圆形或长圆形片，直径4~10cm，厚0.2~0.5cm。横切片外果皮黄色或黄绿色，边缘呈波状，散有凹人的油点；中果皮厚1~3cm，黄白色，有不规则的网状突起的维管束；瓤囊10~17室。纵切片中心柱较粗壮。质柔韧。气清香味微甜而苦辛。,以片色黄、香气浓者为佳。,辛、苦、酸，温。,疏肝理气，宽中化痰。用于胸腹满闷；胁肋胀痛；咳嗽痰多。
小茴香,Xiaohuixiang,Fennel Fruit,Foeniculi Fructus,果实及种子类,伞形科植物茴香Foeniculum vulgare Mill.的干燥成熟果实。,原产欧洲，我国主产于内蒙古、甘肃、四川等地。,果实为双悬果，呈圆柱形，有的稍弯曲，两端略尖，长4~8mm，直径1.5~2.5mm。表面黄绿或淡黄色，顶端残留有黄棕色突起的柱基，基部有时有细小的果梗。分果呈长椭圆形，背面有纵棱5条，接合面平坦而较宽。横切面略呈5边形，背面的4边约等长。有特异茴香气，味微甜、辛。,以粒大饱满、黄绿色、香气浓者为佳。,辛，温。,开胃进食，理气散寒，有助阳道。主治：中焦有寒，食欲减退，恶心呕吐，腹部冷痛；疝气疼痛，睾丸肿痛；脾胃气滞，脘腹胀满作痛。
苦杏仁,Kuxingren,Ansu Apricot Seed,Armeniacae Semen Amarum,果实及种子类,蔷薇科植物山杏Prunus armeniaca L. var. ansu Masim.、西伯利亚杏Prunus sibirica L.、东北杏Prunus mandshurica (Maxim.) Koehne或杏Prunus armeniaca L.的干燥成熟种子。,主产辽宁、内蒙古、河北、山东等地。,苦杏仁：呈扁心形，长1~1.9cm，宽0.8~1.5cm，厚0.5~0.8cm。表面黄棕 色至深棕色，一端尖，另端钝圆，肥厚，左右不对称。尖端一侧有短线形种脐，圆端合点处向上具多数深棕色的脉纹。种皮薄，子叶2，乳白色，富油性。无臭，味苦。甜杏仁：干燥种子，呈扁心脏形，长1.6~2.1cm，宽1.2~1.6cm，顶端尖，基部圆，左右对称，种脊明显，种皮较苦杏仁为厚，淡黄棕色，自合点处分散出许多深棕色脉纹，形成纵向凹纹。断面白色。子叶接合面常见空隙。气微，味微甜。,苦杏仁以颗粒均匀、饱满、完整、味苦者为佳。甜杏仁以颗粒均匀而大、饱满肥厚、不发油者为佳。,苦杏仁：味苦，微温。甜杏仁：味甘、性平。,降气止咳平喘，润肠通便。用于咳嗽气喘，胸满痰多，血虚津枯，肠燥便秘。
鸦胆子,Yadanzi,Java Brucea Fruit,Bruceae Fructus,果实及种子类,苦木科植物鸦胆子Brucea javanica (L.) Merr.的干燥成熟果实。,主产广东、广西、福建、台湾等地。,核果卵形或椭圆形，略扁，长0.6~1cm，直径4~7mm，表面黑色，有隆起网状皱纹，顶端有鸟嘴状短尖的花柱残基，腹背两侧有较明显的棱线，基部钝圆，有凹点状果柄痕，果肉易剥落；果核坚硬，破开后内面灰棕色平滑，内含种子1颗。种子卵形，长4~7mm，直径3~5mm，表面乳白色或黄白色，有稍隆起的网纹，顶端短尖呈鸟嘴状，其下有长圆形种脐，近基部有棕色圆形合点，种脐与合点间有稍隆起的种脊；种皮薄，胚乳和胚富油性。气微特异，味极苦。,以粒大、饱满、种仁白色、油性足者为佳。,苦，寒，有小毒。,清热解毒，止痢，截疟，腐蚀赘疣。用于痢疾、疟疾；外治赘疣、鸡眼。
罂粟壳,Yingsuqiao,Opium Poppy Peel,Papaveris Pericarpium,果实及种子类,罂粟科植物罂粟Papaver somniferum L.的干燥成熟果壳。,我国由政府限定区域栽培。,呈椭圆形或瓶状卵形，多已破碎成片状，直径1.5~5cm，长3~7cm外表面黄白色、浅棕色至淡紫色，平滑，略有光泽，有纵向或横向的割痕。顶端有 6~14条放射状排列呈圆盘状的残留柱头；基部有短柄。体轻，质脆。内表面淡黄色，微有光泽。有纵向排列的假隔膜，棕黄色，上面密布略突起的棕褐色小点。气微清香，味微苦。,以完整、丰满者为佳。,酸、涩，平，有毒。,敛肺、涩肠、止痛。用于久咳、久泻，脱肛，脘腹疼痛。
薏苡仁,Yiyiren,Ma - yuen Jobstears Seed,Coicis Semen,果实及种子类,禾本科植物薏苡Coix lacryma-jobi L. var. ma-yuen (Roman.) Stapf的干燥成熟种仁。,主产福建、河北、浙江等地。,种仁宽卵形或长椭圆形，长4~8mm，宽3~6mm。表面乳白色，光滑，偶有残存的黄褐色种皮。一端钝圆，另端较宽而微凹，有1淡棕色点状种脐。背面圆凸，腹面有1条罗宽而深的纵沟。质坚实，断面白色粉性。气微，味微甜。以粒大充实、色白、无皮碎者为佳。,以粒大充实、色白、无皮碎者为佳。,甘、淡，微寒。,健脾渗湿，除痹止泻。薏米可用于治疗水肿、脚气、小便不利、湿痹拘挛、脾虚泄泻。
余甘子,Yuganzi,Emblic Leafflower Fruit,Phyllanthi Fructus,果实及种子类,大戟科植物余甘子Phyllanthus emblica L.的干燥成熟果实。,主产云南、四川、贵州、福建等地。,呈球形或扁球形，直径1.2~2cm。表面棕褐色至墨绿色，有浅黄色颗粒状突起，具皱纹及不明显的6棱，果梗约1mm。外果皮厚1~4mm，质硬而脆。内果皮黄白色，硬核样，表面略具6棱，背缝线的偏上部有数条筋脉纹，干后可裂成6瓣。种子6，近三棱形，棕色。气微，味酸涩，回味甜。,以饱满、干燥、无果柄者为佳。,甘、酸、涩，微寒。,清热凉血，消食健胃，生津止咳。用于血热血瘀，消化不良，腹胀，咳嗽，喉痛，口干。
郁李仁,Yuliren,Dwarf Flowering Cherry Seed,Pruni Semen,果实及种子类,蔷薇科植物欧李Prunus humilis Bge.、郁李Prunus japonica Thunb.及长柄扁桃Prunus pedunculata Maxim.的干燥成熟种子。,主产东北地区以及河北、山东等地。,郁李：核果近球形，深红色，直径约1cm；核表面光滑。欧李：核果成熟后近球形，红色或紫红色，直径1.5~1.8cm；核表面除背部两侧外无棱纹。长柄扁桃：种子卵形，长6~10mm，直径5~7mm。表面黄白色浅棕色，一端尖，另端钝圆。尖端一侧有线形种脐，圆端中央有深色合点，自合点处向上具多条纵向维管束脉纹。种皮薄，子叶乳白色，富油性。味微苦。,以颗粒饱满、完整、浅黄白色、不泛油者为佳。,辛、苦、甘，平。,润燥滑肠，下气，利水。用于津枯肠燥、食积气滞、腹胀便秘、水肿、脚气、小便不利。
枳壳,Zhiqiao,Submature Bitter Orange,Aurantii Fructus,果实及种子类,芸香科植物酸橙Citrus aurantium L.及其栽培变种的干燥未成熟果实。,主产四川、湖南、江西等地。,果实呈半球形，直径3~5.5cm。外皮绿褐色或棕褐色，略粗糙，散有众多小油点，中央有明显的花柱基痕或圆形果柄痕。切面中果皮厚0.6~1.2cm，黄白色较光滑，略向外翻，有维管束散布，边缘有棕黄色油点l~2列。质坚硬，不易折断，瓤囊7~12瓣，少数至15瓣，囊内汁胞干缩，棕黄色或暗棕色，质软，内藏种子。中轴坚实，宽5~9mm，黄白色，有一圈断续环列的维管束点。气香，味苦、微酸。,以外果皮色绿褐、果肉厚、质坚硬、香气浓者为佳。,辛、苦、酸，温。,理气宽中，行滞消胀。
枳实,Zhishi,Immature Bitter Orange,Aurantii Fructus Immaturus,果实及种子类,芸香科植物酸橙Citrus aurantium L. 及其栽培变种或甜橙Citrus sinensis (L.) Osbeck的干燥幼果。,主产四川、湖南、江西等地。,该品呈半球形，少数为球形，直径0.5~2.5cm。外果皮黑绿色或暗棕绿色，具颗粒状突起和皱纹，有明显的花柱残迹或果梗痕。切面中果皮略隆起，黄白色或黄褐色，厚0.3~1.2cm，边缘有1~2列油室，瓤囊棕褐色。质坚硬。气清香，味苦、微酸。,以皮青黑、果肉厚色白、囊小、坚实者为佳。,苦、辛、酸，温。,破气消积，化痰散痞。用于积滞内停；痞满胀痛；大便秘结；泻痢后重；结胸；胃下垂；子宫脱垂；脱肛。
栀子,Zhizi,Common Gardenia Fruit,Gardeniae Fructus,果实及种子类,茜草科植物栀子Gardenia jasminoides Ellis的干燥成熟果实。,主产湖北、湖南、江西、福建等地。,果实倒卵形、椭圆形或长椭圆形，长1.4~3.5cm，直径0.8~1.8cm。表面红棕色或红黄色，微有光泽，有翅状纵棱6~8条，每二翅棱间有纵脉1条，先端有暗黄绿色残存宿萼，先端有6~8条长形裂片，裂片长1~2.5cm，宽2~3mm，多碎断，果实基部收缩成果柄状，末端有圆形果柄痕。果皮薄而脆，内表面鲜黄色或红黄色。有光泽，具隆起的假隔膜2~3条。折断面鲜黄色，种子多数，扁椭圆形或扁矩圆形，聚成球状团块，棕红色，表面有细而密的凹入小点；胚乳角质；胚长形，具心形子叶2片。气微，味微酸苦。,以皮薄、饱满、色红黄者为佳。,苦，寒。,泻火除烦；清热利湿；凉血解毒主治热病心烦；肝火目赤；头痛；湿热黄疸；淋证；血痢尿血；口舌生疮；疮疡肿毒；扭伤肿痛。
猪牙皂,Zhuyazao,Abnorma Chinese Honeylocust Fruit,Gleditsiae Fructus Abnormalis,果实及种子类,豆科植物皂荚Gleditsia sinensis Lam.的干燥不育果实。,主产山东、云南、贵州、四川等地。,干燥荚果呈圆柱形，略扁，弯曲作镰形，长5~10cm，宽5~12mm。表面紫棕色或紫黑色，被灰白色粉霜，擦去后有光泽，并有细小的疣状突起及线状裂纹，腹缝线突起呈棱脊状，背缝线突起不显著而有棕黄色纵纹。先端有喙状的花柱残基，基部有果柄残痕。质硬而脆，易折断，断面外层棕黄色，中间黄白色，中心较软，有淡绿或淡棕黄色的丝状物与斜向网纹，纵向剖开可见排列整齐的凹窝，很少见种子。臭微，有刺激性，嗅其粉末则作喷嚏，味先甜后辣。,以个小饱满、色紫黑、有光泽、无果柄、质坚硬、肉多而粘、断面淡绿色者为佳。,辛、咸，温，有小毒。,通窍，涤痰，搜风，杀虫。治中风口噤，头风，风痼，喉痹，痰喘，痞满积滞，关格不通，痈肿，疥癞，癣疾，头疮。
紫苏子,Zisuzi,Cultivated Puple Perilla Fruit,Perillae Fructus,果实及种子类,唇形科植物紫苏Perilla frutescens (L.) Britt.的干燥成熟果实。,主产浙江、江苏、湖北、河南等地。,该品呈卵圆形或类球形，直径约1.5mm。表面灰棕色或灰褐色，有微隆起的暗紫色网纹，基部稍尖，有灰白色点状果梗痕。果皮薄而脆，易压碎。种子黄白色，种皮膜质，子叶2，类白色，有油性。压碎有香气，味微辛。,以均匀饱满、色灰褐、油性足者为佳。,辛，温。,降气消痰，平喘，润肠。用于痰壅气逆，咳嗽气喘，肠燥便秘。解表散寒，行气和胃。用于风寒感冒，咳嗽气喘，妊娠呕吐，胎动不安。又可解鱼蟹中毒。
枸杞子,Gouqizi,Babury Wolfberry Fruit,Lycii Fructus,果实及种子类,茄科植物宁夏枸杞Lycium barbarum L. 的干燥成熟果实。,主产于甘肃、宁夏、新疆、内蒙古、青海等地。,呈类纺锤形或椭圆形，表面红色或暗红色，项端有小突起状的花柱痕，基部有白色的果梗痕。果皮柔韧，皱缩；果肉肉质，柔润。种子20~50粒，类肾形。扁而翘，表面浅黄色或棕黄色。气微，味甜。,以粒大，色泽鲜亮者为佳。,甘，平。,滋补肝肾，益精明目。
核桃仁,Hetaoren,Walnut Meat,Juglandis Semen,果实及种子类,胡桃科植物胡桃Juglans regia L. 的干燥成熟种子。,主产于新疆省、河北省、山西省等地。,多破碎，为不规则的块状，有皱曲的沟槽，大小不一；完整者类球形。种皮淡黄色或黄褐色，膜状，维管柬脉纹深棕色，子叶类白色。质脆富油性。气微，味甘；种皮味涩、微苦。,以色黄、个大、饱满、油多者为佳。,甘，温。,补肾，温肺，润肠。用于肾阳不足，腰膝酸软，阳痿遗精，虚寒喘嗽，肠燥便秘。
槐角,Huaijiao,Japanese Pagodatree Fruit,Sophprae Fructus,果实及种子类,豆科植物槐Sophora japonica L.的干燥成熟果实。,主产于天津市、北京市、河南省、山东省、江苏省、安徽省、陕西省、河北省等地。,连珠状。表面黄绿色或黄棕色，皱缩而粗糙，背缝线一侧呈黄色。质柔润、干燥，易在收缩处折断，断面黄绿色，有粘性。种子1-6粒，肾形，表面光滑，棕黑色，一侧有灰白色圆形种脐；质坚硬，子叶2，黄绿色。果肉气微，味苦，种子嚼之有豆腥气。,以肥大，角长，黄绿色，充实饱满、整齐、身干、无杂为佳。,苦，寒。,清热泻火、凉血止血功能。用于肠热便血，痔肿出血，肝热头痛，眩晕目赤。
蒺藜,Jili,Puncturevine Caltrap Fruit,Tribuli Fructus,果实及种子类,蒺藜科植物蒺藜Tribulus terrestris L.的干燥成熟果实。,主产于河南省、山东省、新疆省等地,性状完整的果实由5个分果瓣组成，放射状排列呈五棱状球形，小分果斧状或橘瓣状，黄白色或淡黄绿色，背面弓形隆起，中间有纵棱及多数疙瘩状小短刺；上部两侧各有一粗硬刺，成八字形分开，基部的两个粗硬刺稍短，亦呈八字形分开，两侧面较薄，有网状花纹或数条斜向棱线。果皮木质，极坚硬。分果l室，靠腹面生有3~4粒种子，种子长卵圆形稍扁，有油性。,以饱满坚实、背面色淡黄绿者为佳。,辛、苦，微温；有小毒。,平肝解郁，活血祛风，明目，止痒。用于头痛眩晕，胸胁胀痛，乳闭乳痈，目赤翳障，风疹瘙痒。
罗汉果,Luohanguo,Lohanguo Siraitia Fruit,Siraitiae Fructus,果实及种子类,葫芦科植物罗汉果Siraitia grosvenorii (Swingle) C. Jeffrey ex Lu et Z. Y. Zhang的干燥成熟果实。,主产于广西桂林市永福县等地。,卵形、椭圆形或球形。表面褐色、黄褐色或绿褐色、有深色斑块和黄色柔毛，有的具6~11条纵纹。顶端有花柱残痕。基部有果梗痕。体轻，质脆，果皮薄、易破。果瓤 (中、内果皮) 海绵状，浅棕色。种子扁圆形，多数、浅红色至棕红色，两面中间微四陷。四周有放射状沟纹，边缘有槽。气微，味甜。,以中部最大围径划分等级，特大果 (围径18cm以上) ；大果 (围径17.4~18cm) ；中果 (16.5~17.4cm) ；小果 (14.1cm~15.5cm)，等级越高者越佳。,甘，凉。,清热润肺，利咽开音，润肠通便。用于肺热操咳，咽痛失音，肠燥便秘。
芡实,Qianshi,Gordon Euryale Seed,Euryales Semen,果实及种子类,睡莲科植物芡Euryale ferox Salisb. 的干燥成熟种仁。,主产于江苏、湖南、湖北、山东等地。,类球形，多为破粒。表面有棕红色内种皮，一端黄自色，约占全体1/3、有凹点状的种脐痕，除去内种皮显白色。质较硬，断面白色，粉性。气微，味淡。,以颗粒饱满均匀、粉性足、无碎末及皮壳者为佳。,甘、涩。平。,益肾固精，补脾止渭，除湿止带。用于遗精滑精，遗尿尿频，脾虚久泻，自浊，带下。
青葙子,Qingxiangzi,Feather Cockscomb Seed,Celosiae Semen,果实及种子类,苋科植物青葙Celosia argentea L.的干燥成熟种子。,主产于四川、江苏、湖南、湖北、广东、广西等地。,本品呈扁圆形，少数呈圆形。表面黑色或红黑色。光亮，中间微隆起，侧边微凹处有种脐，种皮簿而脆。气微、味淡。,以粒大，色泽黑亮者为佳。,苦，微寒。,清肝泻火，明目退韾。用于肝热口赤，目生韾膜，视物昏花，肝火眩晕。
山茱萸,Shanzhuyu,Common Macrocarpium Fruit,Corni Fructus,果实及种子类,山茱萸科植物山茱萸Cornus officinalis Sieb. et Zucc. 的干燥成熟果肉。,主产于河南省、浙江省、陕西省等地。,本品呈不规则的片状或囊状。表面紫红色至紫黑色，皱缩，有光泽。顶端有的有圆形宿萼痕，基部有果梗痕。质柔软。气微，味酸、涩、微苦。,以皮肉厚，色鲜艳，味酸浓者佳。,酸、涩，微温。,补益肝肾，涩精固脱。用于眩晕耳鸣，腰膝酸痛，阳痿遗精，遗尿尿频，崩漏带下，大汗虚脱，内热消渴。
酸枣仁,Suanzaoren,Spine Date Seed,Ziziphi Spinosae Semen,果实及种子类,鼠李科植物酸枣Ziziphus jujuba Mill. var. spinosa (Bunge) Hu ex H. F. Chou的干燥成熟种子。,主产于河北省、陕西省、辽宁省、河南省等地。,干燥成熟的种子呈扁圆形或椭圆形，表面紫红色或紫褐色，平滑有光泽，有的有裂纹。有的两面均承圆隆状突起，有的一面较平州。中间或有1条隆起的纵线纹；另一面稍突起。一端凹陷，可见线形种脐，另端有细小突起的合点。种皮较脆，乳白色。子叶2，浅黄色，富油性。 气微弱，味淡。,以粒大饱满、外皮紫红色、无核壳者为佳。,甘，酸，平。,养心补肝，宁心安神，敛汗，生津。用于虑烦不眠，惊悸多梦，体虚多汗，津伤口渴。
金樱子,Jinyingzi,Cherokee Rose Fruit,Rosae Laevigatae Fructus,果实及种子类,蔷薇科植物金樱子Rosa laevigata Michx.的干燥成熟果实。,主产于江西、重庆、湖南、湖北等地区。,本品为花托发育而成的假果。呈倒卵形，表面红黄色或红棕色，有突起的棕色小点，系毛刺脱落后的残基。顶端有盘状花萼残基，中央有黄色柱基，下部渐尖。质硬。切开后，花托壁内有多数坚硬的小瘦果，内壁及瘦果均有淡黄色绒毛。气微，味甘，微涩。,以个大、色红黄、有光泽、去净毛刺者为佳。,酸、甘、涩，平。,固精缩尿，固崩止带，涩肠止泻。用于遗精滑精，遗尿尿频，崩漏带下，久泻久痢。
南鹤虱,Nanheshi,Wild Carrot Fruit,Carotae Fructus,果实及种子类,伞形科植物野胡萝卜Daucus carota L.的干燥成熟果实。秋季果实成熟时割取果枝，晒干，打下果实，除去杂质。,主产于江苏、河南、湖北、浙江等地区。,本品为双悬果，呈椭圆形，多裂为分果。表面淡绿棕色或棕黄色，顶端有花柱残基，基部钝圆，背面隆起，具4条窄翅状次棱。翅上密生1列黄自色钩刺，次棱间的四下处有不明显的主棱，其上散生短柔毛，接合面平坦。有3条脉纹，上具柔毛。种仁类自色，有油性。体轻。搓碎时有特异香气，味微辛、苦。,以果实个大、色棕黄、搓碎时有特异香气者为佳。,苦、辛，平。,杀虫消积。用于蛔虫、蛲虫 、绦虫病，虫积腹痛、小儿疳积。
巴豆,Badou,Purging Croton Seed,Crotonis Fructus,果实及种子类,大戟科植物巴豆Croton tiglium L.的干燥成熟果实。,主产于四川、广西、云南、贵州等地。,本品呈卵圆形，一般具三棱。表面灰黄色或稍深，粗糙，有纵线6条，顶端平截，基部有果梗痕。破开果壳，可见3室，每室含种子1粒。种子呈略扁的椭圆形，表面棕色或灰棕色，一端有小点状的种脐和种阜的疤痕，另端有微凹的合点。其间有隆起的种脊；外种皮薄而脆，内种皮呈白色薄膜；种仁黄白色，油质。气微，味辛辣。,以粒大、饱满、种仁黄白色者为佳。,辛，热，有大毒。,外用蚀疮。用于恶疮疥癣，疣痣。
益智,Yizhi,Sharpleaf Galangal Fruit,Alpiniae Oxyphyllae Fructus,果实及种子类,姜科植物益智Alpinia oxyphylla Miq. 的干燥成熟果实。夏、秋间果实由绿变红时采收，晒干或低温干燥。,主产于辽宁、河北、内蒙古等地。,本品呈椭圆形，两端略尖，长1.2~2cm，直径1~1.3cm。表面棕色或灰棕色，有纵向凹凸不平的突起棱线13~20条，顶端有花被残基，基部常残存果梗。果皮薄而稍韧，与种子紧贴，种子集结成团，中有隔膜将种子团分为3瓣，每瓣有种子6~11粒。种子呈不规则的扁圆形，略有钝棱，直径约3mm，表面灰褐色或灰黄色，外被淡棕色膜质的假种皮；质硬，胚乳白色。有特异香气，味辛，微苦。,以个大、饱满、气味浓者为佳。,辛，温。,温脾止泻，摄唾涎，暖肾，固精缩尿。用于脾寒泄泻，腹中冷痛，口多唾涎，肾虚遗尿，小便频数，遗精白浊。
乌梅,Wumei,Smoked Plum,Mume Fructus,果实及种子类,蔷薇科植物梅Prunus mume (Sieh.) Sieb. et Zucc. 的干燥近成熟果实。夏季果实近成熟时采收，低温烘干后闷至色变黑。,主产于山西、河南、河北、山东等地。,本品呈类环形或扁球形，直径1.5~3cm。表面乌黑色或棕黑色，皱缩不平，基部有圆形果梗痕。果核坚硬，椭圆形，棕黄色，表面有凹点；种子扁卵形，淡黄色。气微，味极酸。,以个大、肉厚、柔润、味极酸者为佳。,酸、涩，平。,敛肺，涩肠，生津，安蛔。用于肺虚久咳，久痢滑肠，虚热消渴，蛔厥呕吐腹痛，胆道蛔虫症。
苍耳子,Cang'erzi,Siberian Cocklebur Fruit,Xanthii Fructus,果实及种子类,菊科植物苍耳Xanthium sibiricum Patr.的带总苞的果实。秋季果实成熟时采收，干燥，除去梗、叶等杂质。,主产山东、江西、湖北、江苏等地。,本品呈纺锤形或卵圆形，表面黄棕色或黄绿色、全体有钩刺，顶端有2枚较粗的刺，分离或相连，基部有果梗痕。质硬而韧，横切面 中央有纵隔膜，2室，各有l枚瘦果。瘦果略呈纺锤形，一面较平坦，顶端其1突起的花柱基，果皮薄，灰黑色，具纵纹。种皮膜质，浅灰色，子叶2，有油性。气微，味微苦。,以粒大、饱满、色黄棕者为佳。,辛、苦，温。,散风寒，通鼻窍，祛风湿。用于风寒头痛，鼻塞流涕，鼻鼽，鼻渊，风疹瘙痒，湿痹拘挛。
川楝子,Chuanlianzi,Szechwan Chinaberry Fruit,Toosendan Fructus,果实及种子类,楝科植物川楝Melia toosendan Sieb. et Zucc.的干燥成熟果实。,主产四川、甘肃、湖北、贵州和云南等地。,果实类球形，直径2~3cm。表面金黄色至棕黄色，微有光泽，具深棕色小点。顶端有花柱残基，基部凹陷有果梗痕。外果皮革质，与果肉间常成空隙，果肉松软，淡黄色，遇水润湿显粘性。果核球形或卵圆形，质坚硬，两端平截，有6~8条纵棱，内分6~8室，每室含黑棕色长圆形的种子1粒。气特异，味酸、苦。,以个大、饱满、外皮金黄色、果肉黄白色者为佳。,苦，寒，有小毒。,舒肝行气止痛，驱虫。用于胸胁、脘腹胀痛，疝痛，虫积腹痛。
覆盆子,Fupenzi,Palmleaf Raspberry Fruit,Rubi Fructus,果实及种子类,蔷薇科悬钩子属植物华东覆盆子Rubus chingii Hu的干燥成熟果实。,主产于浙江、福建、湖北、安徽、江西、广东等地。,聚合果，由多数小核果聚合而成，呈圆锥形或扁圆锥形，高0.6~1.3cm，直径0.5~1.2cm。表面黄绿色或淡棕色，顶端钝圆，基部中心凹入。宿萼棕褐色，下有果梗痕。小果易剥落，每个小果呈半月形，背面密被灰白色茸毛，两侧有明显的网纹，腹部有突起的棱线。体轻，质硬。气微，味微酸涩。,以个大、饱满、粒整、结实、色灰绿、无叶梗者为佳。,甘、酸，温。,益肾，固精，缩尿。用于肾虚遗尿，小便频数，阳痿早泄，遗精滑精。
火麻仁,Huomaren,Hemp Fruit,Cannabis Fructus,果实及种子类,桑科植物大麻Cannabis sativa L. 的干燥成熟果实。,主产黑龙江、辽宁、吉林、四川、甘肃、云南、江苏、浙江等地。,本品呈卵圆形，长4~5.5mm，直径2.5~4mm。表面灰绿色或灰黄色，有微细的白色或棕色网纹，两边有棱，顶端略尖，基部有1圆形果梗痕。果皮薄而脆，易破碎。种皮绿色，子叶2，乳白色，富油性。气微，味淡。,以粒大、种仁饱满者为佳。,甘，平。,润肠通便。用于血虚津亏，肠燥便秘。
莲子,Lianzi,Lotus Seed,Nelumbinis Semen,果实及种子类,睡莲科植物莲Nelumbo nucifera Gaertn. 的干燥成熟种子。除去莲心者称莲肉。,主产湖南、湖北、福建、江苏、浙江、江西等地。,本品略呈椭圆形或类球形，长1.2~1.8cm，直径0.8~1.4cm。表面浅黄棕色至红棕色，有细纵纹和较宽的脉纹。一端中心呈乳头状突起，深棕色，多有裂口，其周边略下陷。质硬，种皮薄，不易剥离。子叶2，黄白色，肥厚，中有空隙，具绿色莲子心。无臭，味甘、微涩；莲子心味苦。,以个大饱满者为佳。,甘、涩，平。,补脾止泻，益肾涩精，养心安神。用于脾虚久泻，遗精带下，心悸失眠。
莲子心,Lianzixin,Lotus Plumule,Nelumbinis Plumula,果实及种子类,睡莲科植物莲Nelumbo nucifera Gaertn.的成熟种子中间的绿色胚根 (莲心) 。,主产湖南、湖北、福建、江苏、浙江、江西等地。,本品略呈细棒状，长1~1.4cm，直径约0.2cm。幼叶绿色，一长一短，卷成箭形，先端向下反折，两幼叶间可见细小胚芽。胚根圆柱形，长约3mm，黄白色。质脆，易折断，断面有数个小孔。气微，味苦。,以个大、色青绿。未经煮者为佳。,苦，寒。,清心安神，交通心肾，涩精止血。用于热入心包，神昏谵语，心肾不交，失眠遗精，血热吐血。
马兜铃,Madouling,Slender Dutchmanspipe Fruit,Aristolochiae Fructus,果实及种子类,马兜铃科植物北马兜铃Aristolochia contorta Bge.或马兜铃Aristolochia debilis Sieb. et Zucc.的干燥成熟果实。,主产东北、华北及陕西、甘肃、宁夏、山东、江西、湖北等地。,本品呈卵圆形，长3~7cm，直径2~4cm。表面黄绿色、灰绿色或棕褐色，有纵棱线12条，由棱线分出多数横向平行的细脉纹。顶端平钝，基部有细长果梗。果皮轻而脆，易裂为6瓣，果梗也分裂为6条。果皮内表面平滑而带光泽，有较密的横向脉纹。果实分6室，每室种子多数，平叠整齐排列。种子扁平而薄，钝三角形或扇形，长6~10mm，宽8~12mm，边缘有翅，淡棕色。气特异，味微苦。,以个大、黄绿色、不破裂者为佳。,苦，微寒。,清肺降气，止咳平喘，清肠消痔。用于肺热喘咳，痰中带血，肠热痔血，痔疮肿痛。
马钱子,Maqianzi,Nux Vomica,Strychni Semen,果实及种子类,马钱科植物马钱Strychnos nuxvomica L. 的干燥成熟种子。,主产福建、台湾、广东、海南、广西、云南等地。,本品呈钮扣状圆板形，常一面隆起，一面稍凹下，直径1.5~3cm，厚0.3~0.6cm。表面密被灰棕或灰绿色绢状茸毛，自中间向四周呈辐射状排列，有丝样光泽。边缘稍隆起，较厚，有突起的珠孔，底面中心有突起的圆点状种脐。质坚硬，平行剖面可见淡黄色白色胚乳，角质状，子叶心形，叶脉5~7条。无臭，味极苦。,以个大饱满、质坚肉厚、色灰黄有光泽者佳。,苦，温；有大毒。,通络止痛，散结消肿。用于风湿顽痹，麻木瘫痪，跌扑损伤，痈疽肿痛；小儿麻痹后遗症，类风湿性关节痛。
木鳖子,Mubiezi,Cochinchina Momordica Seed,Momordicae Semen,果实及种子类,葫芦科植物木鳖Momordica cochinchinensis (Lour.) Spreng. 的干燥成熟种子。,主产广西、四川、湖北等地。,本品呈扁平圆板状，中间稍隆起或微凹陷，直径2~4cm，厚约0.5cm。表面灰棕色至黑褐色，有网状花纹，在边缘较大的一个齿状突起上有浅黄色种脐。外种皮质硬而脆，内种皮灰绿色，绒毛样。子叶2，黄白色，富油性。有特殊的油腻气，味苦。,以籽粒饱满、不破裂、体重、内仁黄白色、不泛油者为佳。,苦、微甘，凉；有毒。,散结消肿，攻毒疗疮。用于疮疡肿毒，乳痈，瘰疠，痔漏，干癣，秃疮。
木蝴蝶,Muhudie,Indian Trunpetflower Seed,Oroxyli Semen,果实及种子类,紫葳科植物木蝴蝶Oroxylum indicum (L.) Vent.的干燥成熟种子。,主产云南、广西、贵州等地。,本品为蝶形薄片，除基部外三面延长成宽大菲薄的翅。长5~8cm，宽3.5~4.5cm。表面浅黄白色，翅半透明，有绢丝样光泽，上有放射状纹理，边缘多破裂。体轻，剥去种皮，可见一层薄膜状的胚乳紧裹于子叶之外。子叶2，蝶形，黄绿色或黄色，长径1~1.5cm。无臭，味微苦。,以张大、色白、有光泽、翼柔软如绸者为佳。,苦、甘，凉。,清肺利咽，疏肝和胃。用于肺热咳嗽，喉痹，音哑，肝胃气痛。
牛蒡子,Niubangzi,Great Burdock Fruit,Arctii Fructus,果实及种子类,菊科植物牛蒡Arctium lappa L.的干燥成熟果实。,主产河北，吉林、辽宁、浙江、黑龙江等地。,本品呈长倒卵形，略扁，微弯曲，长5~7mm，宽2~3mm。表面灰褐色，带紫黑色斑点，有数条纵棱，通常中间1~2条较明显。顶端钝圆，稍宽，顶面有圆环，中间具点状花柱残迹；基部略窄，着生面色较淡。果皮较硬，子叶2，淡黄白色，富油性。无臭，味苦后微辛而稍麻舌。,以粒大、饱满、色灰褐者为佳。,辛、苦，寒。,疏散风热，宣肺透疹，解毒利咽。用于风热感冒，咳嗽痰多，麻疹，风疹，咽喉肿痛，痄腮丹毒，痈肿疮毒。
女贞子,Nvzhenzi,Glossy Privet Fruit,Ligustri Lucidi Fructus,果实及种子类,木犀科植物女贞Ligustrum lucidum Ait. 的干燥成熟果实。,主产浙江，江苏、湖南、福建、广西、江西、四川等地。,呈卵形、椭圆形或肾形，长6~8.5mm，直径3.5~5.5mm。表面黑紫色或灰黑色，皱缩不平，基部有果梗痕或具宿萼及短梗。体轻。外果皮薄，中果皮较松软，易剥离，内果皮木质，黄棕色，具纵棱，破开后种子通常为1粒，肾形，紫黑色，油性。无臭，味甘、微苦涩。,以粒大、饱满、色黑紫者为佳。,甘、苦，凉。,滋补肝肾，明目乌发。用于眩晕耳鸣，腰膝酸软，须发早白，目暗不明，内热消渴、骨蒸潮热。
胖大海,Pangdahai,Boat - fruited Sterculia Seed,Sterculiae Lychnophorae Semen,果实及种子类,梧桐科植物胖大海Sterculia lychnophora Hance 的干燥成熟种子。,主产越南、泰国、印度尼西亚、马来西亚等地。,呈纺锤形或椭圆形，长2~3cm，直径1~1.5cm。先端钝圆，基部略尖而歪，具浅色的圆形种脐，表面棕色或暗棕色，微有光泽，具不规则的干缩皱纹。外层种皮极薄，质脆，易脱落。中层种皮较厚，黑褐色，质松易碎，遇水膨胀成海绵状。断面可见散在的树脂状小点。内层种皮可与中层种皮剥离，稍革质，内有2片肥厚胚乳，广卵形；子叶2枚，菲薄，紧贴于胚乳内侧，与胚乳等大。气微，味淡，嚼之有黏性。,以个大、坚质、棕色、有细皱纹及光泽者为佳。,甘，寒。,清热润肺，利咽解毒，润肠通便。用于肺热声哑，干咳无痰，咽喉干痛，热结便闭，头痛目赤。
砂仁,Sharen,Villous Amomum Fruit,Amomi Fructus,果实及种子类,姜科植物阳春砂Amomum villosum Lour. 、绿壳砂Amomum villosum Lour. var. xanthioides T. L. Wu et Senjen 或海南砂Amomum longiligulare T. L. Wu 的干燥成熟果实。,阳春砂仁主产广东、广西等地。进口砂仁主产越南、泰国、缅甸、印度尼西亚等地。,阳春砂、绿壳砂：呈椭圆形或卵圆形，有不明显的三棱，长1.5~2cm，直径1~1.5cm。表面棕褐色，密生刺状突起，顶端有花被残基，基部常有果梗。果皮薄而软。种子结集成团，具三钝棱，中有白色隔膜，将种子团分成3瓣，每瓣有种子5~26粒。种子为不规则多面体，直径2~3mm；表面棕红色或暗褐色，有细皱纹，外被淡棕色膜质假种皮；质硬，胚乳灰白色。气芳香而浓烈，味辛凉、微苦。海南砂：呈长椭圆形或卵圆形，有明显的三棱，长1.5~2cm，直径0.8~1.2cm。表面被片状、分枝的软刺，基部具果梗痕。果皮厚而硬。种子团较小，每瓣有种子3~24粒；种子直径1.5~2mm。气味稍淡。,以个大、坚实、仁饱满、气香浓者为佳。,辛，温。,化湿开胃，温脾止泻，理气安胎。用于湿浊中阻，脘痞不饥，脾胃虚寒，呕吐泄泻，妊娠恶阻，胎动不安。
使君子,Shijunzi,Rangooncreeper Fruit,Quisqualis Fructus,果实及种子类,使君子科植物使君子Quisqualis indica L.的干燥成熟果实。,主产四川、广东、广西等地。,呈椭圆形或卵圆形，具5条纵棱，偶有4~9棱，长2.5~4cm，直径约2cm。表面黑褐色至紫黑色，平滑，微具光泽。顶端狭尖，基部钝圆，有明显圆形的果梗痕。质坚硬，横切面多呈五角星形，棱角处壳较厚，中间呈类圆形空腔。种子长椭圆形或纺锤形，长约2cm，直径约1cm；表面棕褐色或黑褐色，有多数纵皱纹；种皮薄，易剥离；子叶2，黄白色，有油性，断面有裂纹。微香，味微甜。,以个大、表面具紫褐色光泽、仁饱满、色白者为佳。,甘，温。,杀虫消积。用于蛔虫、蛲虫病，虫积腹痛，小儿疳积。
水飞蓟,Shuifeiji,Blessed Thistle Fruit,Silybi Fructus,果实及种子类,菊科植物水飞蓟Silybum marianum (L.) Gaerth的全草及瘦果。,主产陕西、甘肃、黑龙江、河北等地。,本品呈长倒卵形或椭圆形，表面淡灰棕色至黑褐色。光滑。有细纵花纹。顶端钝圆，稍宽，有一圆环，中间具点状花柱残迹，基部略窄。质坚硬。破开后可见子叶2片。浅黄白色，富油性。气微，味淡。,以浅黄白色，富油性者为佳。,苦，凉。,清热解毒，疏肝利胆。用于肝胆湿热，胁痛，黄疸。
天仙子,Tianxianzi,Henbane Seed,Hyosyami Semen,果实及种子类,茄科植物莨菪Hyoscyamus niger L. 的干燥成熟种子。,主产河南、河北、辽宁等地。,呈类扁肾形或扁卵形，直径约1mm。表面棕黄色或灰黄色，有细密的网纹，略尖的一端有点状种脐。剖面灰白色，油质，有胚乳，胚弯曲。无臭，味微辛。,以颗粒饱满、均匀者为佳。,苦、辛，温；有大毒。,解痉止痛，安神定喘。用于胃痉挛疼痛，喘咳，癫狂。
老鹳草,Laoguancao,Common Heron’s Bill Herb,Erodii Herba;Geranii Herba,全草类,牻牛儿苗科植物老鹳草Geranium wilfordii Maxim.、牻牛儿苗Erodium stephanianum Willd. 或野老鹳草Geranium carolinianum L.的干燥地上部分。,主产于山东、河北、四川、云南等地。,老鹳草：茎较细，略短。叶片圆形，3或5深裂，裂片较宽，边缘具缺刻。果实球形，长0.3~0.5cm。花柱长1~1.5cm，有的5 裂向上卷曲呈伞形。牻牛儿苗：茎长30~50cm，直径0.3~0.7cm，多分枝，节膨大。表面灰绿色或带紫色，有纵沟纹及稀疏茸毛。质脆，断面黄白色，有的中空。叶对生，具细长叶柄；叶片卷曲皱缩，质脆易碎，完整者为二回羽状深裂，裂片披针线形。果实长圆形，长0.5~1cm。宿存花柱长2.5~4cm，形似鹳喙，有的裂成5瓣，呈螺旋形卷曲。无臭，味淡。野老鹳草：叶片掌状5~7深裂，裂片条形，每裂片3~5深裂。,以色绿、花果多者为佳。,辛、苦，平。,祛风湿，通经络，止泻痢。用于风湿痹痛，麻木拘挛，筋骨酸痛，泄泻痢疾。
白花蛇舌草,Baihuasheshecao,Spreading Hedyotis Herb,Hedyotidis Herba,全草类,茜草科植物白花蛇舌草Hedyotis diffusa Willd.的干燥全草。,主产长江以南各地。,全体扭缠成团状，灰绿色至灰棕色。主根细长，粗约2mm，须根纤细，淡灰棕色。茎细，卷曲，质脆，易折断，中心髓部白色。叶多皱缩，破碎，易脱落；托叶长1~2mm。花、果单生或成对生于叶腋，花常具短而略粗的花梗。葫果扁球形，直径2~2.5mm，室背开裂，宿萼顶端4裂，边缘具短刺毛。气微，味淡。,以茎叶完整、灰绿色、果实饱满者为佳。,苦、淡，寒。,清热解毒、消痛散结、利尿除湿。尤善治疗各种类型炎症。
半边莲,Banbianlian,Chinese Lobelia Herb,Lobeliae Chinensis Herba,全草类,桔梗科植物半边莲Lobelia chinensis Lour.的干燥全草。,主产于安徽、浙江、江苏等地。,全体长15~35cm，常缠结成团。根细小，侧生纤细须根。根茎细长圆柱形，直径1~2mm；表面淡黄色或黄棕色，具细纵纹。茎细长，有分枝，灰绿色，节明显。叶互生，无柄，叶片多皱缩，绿褐色，展平后叶片呈狭披针形或长小，单生于叶腋；花冠基部连合，上部5裂，偏向一边。气微，味微甘而辛。,以茎叶色绿、根黄者为佳。,甘，平。,清热解毒；利水消肿。主治毒蛇咬伤；痈肿疔疮；扁桃体炎；湿疹；足癣；跌打损伤；湿热黄疸；阑尾炎；肠炎；肾炎；肝硬化腹水及多种癌症。
薄荷,Bohe,Wild Mint Herb,Menthae Haplocalycis Herba,全草类,唇形科植物薄荷Mentha haplocalyx Briq. 的干燥地上部分。,主产于安徽、江苏、江西、四川等地。,本品茎呈方柱形，有对生分枝，长15~40cm，直径0.2~0.4cm；表面紫棕色或淡绿色，棱角处具茸毛，节间长2~5cm；质脆，断面白色，髓部中空。叶对生，有短柄；叶片皱缩卷曲，完整者展平后呈宽披针形、长椭圆形或卵形，长2~7cm，宽1~3cm；上表面深绿色，下表面灰绿色，稀被茸毛，有凹点状腺鳞。轮伞花序腋生，花萼钟状，先端5齿裂，花冠淡紫色。揉搓后有特殊清凉香气，味辛凉。,以色深绿、叶多、气浓者为佳。,辛，凉。,疏散风热，清利头目，透疹。具有疏散风热、清利头目、利咽、透疹、疏肝解郁之功效。现代医学常将其用于治疗风热感冒、头痛、咽喉痛、口舌生疮、风疹、麻疹、胸腹胀闷和抗早孕等。另外，薄荷还具有消炎止痛作用。
车前草,Cheqiancao,Asiatic Plantain Herb,Plantaginis Herba,全草类,车前科植物平车前Plantago depressa Willd.或车前Plantago asiatica L.的干燥全草。,全国各地均产。,车前：根丛生，须状。叶基生，具长柄；叶片皱缩，展平后呈卵状椭圆形或宽卵形，长6~13cm，宽2.5~8cm；表面灰绿色或污绿色，具明显弧形脉5~7条；先端钝或短尖，基部宽楔形，全缘或有不规则波状浅齿。穗状花序数条，花茎长。蒴果盖裂，萼宿存。气微香，味微苦。平车前：主根直而长。叶片较狭，长椭圆形或椭圆状披针形，长5~14cm，宽2~3cm。,以灰绿色、叶片完整者为佳。,甘、淡，微寒。,清热利尿；渗湿止泻；明目；祛痰。主治：主小便不利；淋浊带下；水肿胀满；暑湿泻痢；目赤障翳；痰热咳喘。
穿心莲,Chuanxinlian,Common Andrographis Herb,Andrographitis Herba,全草类,爵床科植物穿心莲Andrographis paniculata (Burm. f.) Nees的干燥地上部分。,主产于福建、云南、广东、广西等地。,茎呈方柱形，多分枝，长50~70cm，节稍膨大；质脆，易折断。单叶对生，叶柄短或近无柄；叶片皱缩、易碎，完整者展开后呈披针形或卵状披针形，长3~12cm，宽2~5cm，先端渐尖，基部楔形下延，全缘或波状；上表面绿色，下表面灰绿色，两面光滑。气微，味极苦。,以绿色、叶多者为佳。,苦，寒。,清热解毒，凉血，消肿，燥湿。主治感冒发热，咽喉肿痛，口舌生疮，顿咳劳嗽，泄泻痢疾，热淋涩痛，痈肿疮疡，毒蛇咬伤。
垂盆草,Chuipencao,Stringy Stonecrop Herb,Sedi Herba,全草类,景天科植物垂盆草Sedum sarmentosum Bge.的干燥或新鲜全草。,主产浙江、安徽、江苏、湖北等地。,该品茎纤细，长可达20cm以上，部分节上可见纤细的不定根。3叶轮生，叶片倒披针形至矩圆形，绿色，肉质，长1.5~2.8cm，宽0.3~0.7cm，先端近急尖，基部急狭，有距。气微，味微苦。,以茎叶完整、黄绿色者为佳。,甘、淡，凉。,清利湿热，解毒。用于湿热黄疸，小便不利，痈肿疮疡，急、慢性肝炎。有降低谷丙转氨酶作用。用于急性肝炎、迁延性肝炎、慢性肝炎的活动性。
大蓟,Daji,Japanese Thistle,Cirsii Japonici Herba,全草类,菊科植物蓟Cirsium japonicum Fisch. ex DC. 的干燥地上部分及根。,主产于江苏、浙江、四川等地。,大蓟草：地上部分呈圆柱形，基部直径可达1.2cm。褐棕色或绿褐色，有很直的棱线 (有数条纵棱)，质略硬而脆。断面灰白色，髓部疏松或中空。叶皱缩，多破碎，绿褐色，完整叶片展平后呈倒披针形或倒卵状椭圆形，羽状深裂，边缘具有不等长针刺，茎，叶均被灰白色蛛丝状毛，质松脆，头状花序球形或椭圆形，总苞黄褐色，苞片披针形，先端微带紫黑色，花冠常脱落，露出灰白色羽状冠毛，气微味淡。气微，味淡。大蓟根：呈长纺锤形，常簇生而扭曲，长5~15cm，直径0.2~0.6cm。表面暗褐色，有不规则的纵皱纹。质硬而脆，易折断，断面粗糙，灰白色。气微，味甘、微苦。,地上部分以灰绿色、叶多者为佳。根以条粗、干燥者为佳。,甘、苦，凉。,止血凉血、祛瘀消肿。主治吐血，衄血，尿血，血淋，血崩，带下，肠风，肠痈，痈疡肿毒，疔疮。
小蓟,Xiaoji,Common ThistleField Thistle,Cirsii Herba,全草类,菊科植物刺儿菜Cirsium setosum (Willd.) MB. 的干燥地上部分。,全国大部分地区均产。,本品茎呈圆柱形，有的上部分枝，长5~30cm，直径0.2~0.5cm；表面灰绿色或带紫色，具纵棱及白色柔毛；质脆，易折断，断面中空。叶互生，无柄或有短柄；叶片皱缩或破碎，完整者展平后呈长椭圆形或长圆状披针形，长3~12cm，宽0.5~3cm；全缘或微齿裂至羽状深裂，齿尖具针刺；上表面绿褐色，下表面灰绿色，两面均具白色柔毛。头状花序单个或数个顶生；总苞钟状，苞片5~8层，黄绿色；花紫红色。气微，味微苦。,以灰绿色、叶多者为佳。,甘、苦，凉。,凉血止血，祛瘀消肿。用于衄血，吐血，尿血，便血，崩漏下血，外伤出血，痈肿疮毒。
淡竹叶,Danzhuye,Common Lophatherum Herb,Lophatheri Herba,全草类,禾本科植物淡竹叶Lophatherum gracile Brongn.的干燥茎叶。,主产江苏、湖南、湖北等地。,茎圆柱形，长25~30cm，直径1.5~2mm；表面淡黄绿色，有节，节上抱有叶鞘，断面中空。叶多皱缩卷曲，叶片被外形，长5~20cm，宽1~3.5cm；表面浅绿色或黄绿色，叶脉平行，具横行小脉，形成长方形的网格状，下表面尤为明显。叶鞘长约5cm，开裂，外具纵条纹，沿叶鞘边缘有白色长柔毛。体轻，质柔韧。气微，味淡。,以叶大、色绿、不带根及花托者为佳。,甘、淡，寒。,清热泻火，除烦止渴，利尿通淋。用于热病烦渴，小便短赤涩痛，口舌生疮。
灯心草,Dengxincao,Common Rush Pith or Herba,Junci Medulla,全草类,灯心草科植物灯心草Juncus effusus L.的干燥茎髓。,主产于江苏、四川、福建等地。,本品呈细圆柱形，长达90cm，直径1~3mm，表面白色或淡黄白色。置放大镜下观察，有隆起的细纵纹及海绵样的细小孔隙；微有光泽。质轻柔软，有弹性，易拉断，断面不平坦，白色。气味不显著。,以条长，粗壮，色白，有弹性者为好。,甘、淡，微寒。,利水通淋；清心降火。主治：淋病；水肿；小便不利，尿少涩痛；湿热黄疸；心烦不寐；小儿夜啼；喉痹；口舌生疮；创伤。
广藿香,Guanghuoxiang,Cablin Potchouli Herb,Pogostemonis Herba,全草类,唇形科植物广藿香Pogostemon cablin (Blanco) Benth.的干燥地上部分。,主产广东广州、遂溪等地。,该品茎略呈方柱形，多分枝，枝条稍曲折，长30~60cm，直径约0.2~0.7cm；表面被柔毛；质脆，易折断，断面中部有髓；老茎类圆柱形，直径1~1.2cm，被灰褐色栓皮。叶对生，皱缩成团，展平后叶片呈卵形或椭圆形，长4~9cm，宽3~7cm；两面均被灰白色茸毛；先端短尖或钝圆，基部楔形或钝圆，边缘具大小不规则的钝齿；叶柄细，长2~5cm，被柔毛。气香特异，味微苦。,以灰绿色、叶多、气浓者为佳。,辛，微温。,芳香化湿；和胃止呕；祛暑解表。主湿阻中焦之脘腹痞闵；食欲不振；呕吐；泄泻；外感暑湿之寒热头痛；湿温初起的发热身困；胸闵恶心；鼻渊；手足癣 。
广金钱草,Guangjinqiancao,Snowbellleaf Tickclover Herb,Desmodii Stracifolii Herba,全草类,豆科植物广金钱草Desmodium styracifolium (Osb.) Merr.的干燥地上部分。,主产湖南、福建、以及两广地区。,干燥的茎枝呈圆柱形，长可达60cm，粗2~5mm，表面淡棕黄色，密被黄色绒毛，质跪易断，断面淡黄色，中心具白色髓。叶皱缩，易脱落，上面灰绿色至暗绿色，无毛，下面浅绿色，密被白色茸毛。茎节处常有托叶，披针形锥尖，浅棕色。生药中偶见花果。气微弱，味淡。,以叶多、色绿者为佳。,甘、淡，平。,清热除湿，利尿通淋。用于热淋、砂淋、石淋、小便涩痛、水肿尿少、黄疸、尿赤、尿路结石。
槲寄生,Hujisheng,Colored Mistletoe Herb,Visci Herba,全草类,桑寄生科植物槲寄生Viscum coloratum (Komar.) Nakai的干燥带叶茎枝。,主产东北、华北地区。,该品茎枝呈圆柱形，2~5叉状分枝，长约30cm，直径0.3~1cm；表面黄绿色、金黄色或黄棕色，有纵皱纹；节膨大，节上有分枝或枝痕。体轻，质脆，易折断，断面不平坦，皮部黄色，木部色较浅，射线放射状，髓部常偏向一边。叶对生于枝梢，易脱落，无柄；叶片呈长椭圆状披针形，长2~7cm，宽0.5~1.5cm；先端钝圆，基部楔形，全缘；表面黄绿色，有细皱纹，主脉5出，中间3条明显。革质。浆果球形，皱缩。无臭，味微苦，嚼之有黏性。,以枝嫩、黄绿色、叶多者为佳。,苦、甘，平。,补肝肾，强筋骨，祛风湿，安胎。
绞股蓝,Jiaogulan,Fiveleaf Gynostemma Herb or Root,Gynostemmatis Pentaphylli Herba seu Radix,全草类,葫芦科植物绞股蓝Gynostemma pentaphyllum (Thunb.) Makino的干燥全草。,主产长江以南各地区。,皱缩，茎纤细灰棕色或暗棕色，表面具纵沟纹，被稀疏绒毛，复叶，小叶膜质，常5~7，少数9枚，叶柄长2~4cm，被糙毛；侧生小叶卵状长圆形或长圆状披针形，中央一枚较大，长4~12cm，宽1~1.3cm，先端渐尖，基部楔形，两面被粗毛，叶缘有锯齿，齿尖具芒。果实圆球形，直径约5mm，果梗长3~5mm。味苦，有草腥气。,以茎纤细、皱缩、灰棕色或暗绿色者为佳。,苦、微甘，凉。,清热，补虚，解毒。能够调节血压，降低血脂，调节血糖，促进尿酸排泄。用于血脂、血压、血糖、血尿酸过高、高或异常者。
鸡骨草,Jigucao,Canton Abrus Herb,Abri Herba,全草类,豆科植物广州相思子Abrus cantoniensis Hance及毛相思子Abrus mollis Hance的干燥全草。,主产两广地区。,该品根多呈圆锥形，上粗下细，有分枝，长短不一，直径0.5~1.5cm；表面灰棕色，粗糙，有细纵纹，支根极细，有的断落或留有残基；质硬。茎丛生，长50~100cm，直径约0.2cm；灰棕色至紫褐色，小枝纤细，疏被或密被短柔毛。羽状复叶互生，小叶8~11 对，多脱落，小叶矩圆形，广州相思子叶长0.8~1.2cm，毛相思子叶长1.2~2.4cm，先端平截，有小突尖，下表面被伏毛。气微香，味微苦。,以根茎结节状、茎叶全者为佳。,甘、微苦，凉。,清热解毒，舒肝止痛。用于黄疸，胁肋不舒，胃脘胀痛；急、慢性肝炎，乳腺炎。
荆芥,Jingjie,Fineleaf Schizonepeta Herb,Schizonepetae Herba,全草类,唇形科植物荆芥Schizonepeta tenuifolia Briq.的干燥地上部分。,主产于江苏、浙江、河北、河南等地。,本品茎呈方柱形，上部有分枝，长50~80cm，直径0.2~0.4cm；表面淡黄绿色或淡紫红色，被短柔毛；体轻，质脆，断面类白色。叶对生，多已脱落，叶片3~5羽状分裂，裂片细长。穗状轮伞花序顶生，长2~9cm，直径约7mm。花冠多脱落，宿萼钟状，先端5齿裂，淡棕色或黄绿色，被短柔毛；小坚果棕黑色。气芳香，味微涩而辛凉。,以色淡黄绿、香气浓、穗长而密者为佳。,辛，微温。,解表散风，透疹，消疮，止血。用于感冒，麻疹透发不畅，便血、崩漏、鼻衄。
金钱草,Jinqiancao,Christina Loosestrife Herb,Lysimachiae Herba,全草类,报春花科植物过路黄Lysimachia christinae Hance的干燥全草。,主产四川、贵州、云南等地区。,全草多皱缩成团，下部茎节上有时着生纤细须根。茎扭曲，直径约1mm；表面红棕色，具纵直纹理；断面实心，灰白色。叶对生，多皱缩破碎，完整叶宽卵形或心形，全缘，上面暗绿色至棕绿色，下面色较浅，用水浸后，透光可见黑色短条纹；叶柄细长，叶腋有时可见花或果实。气微、味淡。,以叶大、色绿者为佳。,甘、咸，微寒。,利水通淋；清热解毒；散瘀消肿。主治肝胆及泌尿系结石；热淋；肾炎水肿；湿热黄疸；疮毒痈肿；毒蛇咬伤；跌打损伤。
卷柏,Juanbai,Tamarisklike Spikemoss Herb,Selaginellae Herba,全草类,卷柏科植物卷柏Selaginella tamariscina (Beauv.) Spring、垫状卷柏Selaginella pulvinata (Hook. et Grev.) Maxim的干燥全草。,主产于广东、福建、湖南、四川等地。,卷柏：卷缩似拳状，长3~10cm。 枝丛生，扁而有分枝，绿色或棕黄色，向内卷曲，枝上密生鳞片状小叶，叶先端具长芒，中叶 (腹叶) 两行，卵状矩圆形，斜向上排列，叶缘膜质，有不整齐的细锯齿。背叶 (侧叶) 背面的膜质边缘常呈棕黑色。基部残留棕色至棕褐色须根，散生或聚生成短干状。质脆，易折断。无臭，味淡。垫状卷柏：须根多散生。中叶 (腹叶) 两行，卵状披针形，直向上排列。叶片左右两侧不等，内缘较平直，外缘常因内折而加厚，呈全缘状。,以叶多、完整、不碎、绿色者为佳。,辛，平。,活血通经。用于经闭痛经，癓瘕痞块，跌扑损伤。外用可治刀伤。卷柏炭化瘀止血。用于吐血，崩漏，便血，脱肛。
鹿衔草,Luxiancao,Chinese Pyrola Herb,Pyrolae Herba,全草类,鹿蹄草科植物鹿蹄草Pyrola calliantha H. Andres或普通鹿蹄草Pyrola decorata H. Andres的干燥全草。,主产于甘肃、陕西、河南、安徽等地。,干燥全草，茎紫褐色，稍具棱，并有皱纹，无毛，微有光泽。叶柄长，扁平而中央凹下，两边呈膜质状，常弯曲，无毛。叶片皱缩，稍破碎，上面紫红色，少有呈棕绿色者，光滑，下面紫红色，无毛，叶脉微突；纸质，易碎。有时可见花茎，上有数朵小花或扁球形棕色蒴果。气无，味微苦。,以紫红色或紫褐色、无杂质者为佳。,甘、苦，温。,补虚、益肾、祛风除湿、活血调经、补肾强骨、祛风除湿、止咳、止血。主肾虚腰痛、风湿痹痛、筋骨痿软、新久咳嗽、吐血、衄血、崩漏、外伤出血。
麻黄,Mahuang,Chinese Ephedrs Herb,Ephedrae Herba,全草类,麻黄科植物草麻黄Ephedra sinica Stapf、木贼麻黄Ephedra equisetina Bge.与中麻黄Ephedra intermedia Schrenk et C. A. Mey.的干燥草质茎。,主产内蒙古、新疆、山西等地。,草麻黄：呈细长圆柱形，少分枝；直径1~2cm。有的带少量棕色木质茎。表面淡绿色至黄绿色，有细纵脊线，触之微有粗糙感。节明显，节间长2~6cm。节上有膜质鳞叶，长3~4mm；裂片2 (稀3)，锐三角形，先端灰白色，反曲，基部联合成筒状，红棕色。体轻，质脆，易折断，断面略呈纤维性，周边绿黄色，髓部红棕色，近圆形。气微香，味涩、微苦。木贼麻黄：较多分枝，直径1~1.5cm，无粗糙感。节间长1.5~3cm。膜质鳞叶长 1~2mm ；裂片2 (稀3)，上部为短三角形，灰白色，先端多不反曲，基部棕红色至棕黑色。中麻黄：多分枝，直径1.5~3cm，有粗糙感。节间长2~6cm，膜质鳞叶长2~3mm，裂片3 (稀2)，先端锐尖。断面髓部呈三角状圆形。,均以淡绿色或黄绿色，内心红棕色、味苦涩、手拉不脱节者为佳。,辛、微苦，温。,发汗散寒，宣肺平喘，利水消肿。
木贼,Muzei,Common Scouring Rush,Equiseti Hiemalis Herba,全草类,木贼科植物木贼Equisetum hiemale L.的干燥地上部分。,主产陕西、湖北以及东北地区。,茎呈长管状，不分枝。长40~60cm，直径约6mm。表面灰绿色或黄绿色，有18~30条细纵纵棱，平直排列，棱脊上有2行细小的疣状突起，触之稍挂手。节上着生鳞处状合生的筒状叶鞘，叶鞘基部和先端具2圈棕黑色较宽的环。鞘片背面有2条棱脊及1条浅沟。质脆，易折断，断面中空。边缘有20~30个小空腔，排列成环状，内有白色或浅绿色的薄瓤。气微，味微涩，嚼之有沙粒感。,以茎长、色绿、质厚、不脱节者为佳。,甘、苦，平。,散风热，退目翳。用于风热目赤，迎风流泪，目生云翳。
蒲公英,Pugongying,Mongolian Dandelion Herb,Taraxaci Herba,全草类,菊科植物蒲公英Taraxacum mongolicum Hand.-Mazz.的干燥全草。,主产于陕西、河北以及东北地区。,皱缩卷曲的团块，根圆柱形，多弯曲长3~7cm，棕褐色，根头部有茸毛，叶破碎，完整叶片为倒披针形，暗灰绿色或绿褐色，边缘浅裂或具有羽状缺刻，基部下延成柄状，下表面主脉明显，花葶1至数条，头状花序顶生，黄褐色或淡黄白色，有的可见多数具有白色冠毛的长椭圆形瘦果，气微，味微苦。,以颜色灰绿、无杂质、干燥者为佳。,甘、微苦，寒。,清热解毒，消肿散结。主治上呼吸道感染，眼结膜炎，流行性腮腺炎，高血糖，乳痈肿痛，胃炎，痢疾，肝炎，胆囊炎，急性阑尾炎，泌尿系感染，盆腔炎，痈疖疔疮，咽炎，治急性乳腺炎，淋巴腺炎，瘰疠，疔毒疮肿，急性结膜炎，感冒发热，急性扁桃体炎，急性支气管炎、尿路感染。
青蒿,Qinghao,Sweet Wormwood Herb,Artemisiae Annuae Herba,全草类,菊科植物黄花蒿Artemisia annua L.的干燥地上部分。,全国各地均产。,茎圆柱形，上部多分枝，长30~80cm，直径0.2~0.6cm，表面黄绿色或棕黄色，具纵棱线；质略硬，易折断，断面中部有髓。叶互生，暗绿色或棕绿色，卷缩，碎，完整者展平后为三回羽状深裂，裂片及小裂片矩圆形或长椭圆形，两面被短毛。气香特异，味微苦。,以色绿、叶多、香气浓者为佳。,苦、辛，寒。,清透虚热，凉血除蒸，除蒸，截疟。用于暑邪发热，阴虚发热，夜热早凉，骨蒸劳热，疟疾寒热，湿热黄疸。
瞿麦,Qumai,Fringed Pink Herb,Dianthi Herba,全草类,石竹科植物石竹Dianthus chinensis L.以及瞿麦Dianthus superbus L.的干燥地上部分。,主产河南、河北、东北等地。,石竹：茎直立，圆形，有分枝，长30~50cm；完整叶条状披针形，长2~9cm，宽2~7mm；萼筒长1~2cm，约为全花的1/2；萼下有数枚小苞片，长约为萼筒的1/2，先端尾状渐尖，覆瓦状排列；有时可见皱缩的花瓣，棕紫色或棕黄色，先端浅裂呈锯齿状。茎质硬脆，折断面中空。气弱，味微甜。瞿麦：茎圆柱形，长30~60cm，节部膨大；表面淡绿色或黄绿色，略有光泽，无毛。叶多皱缩，对生，黄绿色，展平后叶片长条披针形，长2~7cm，宽1~4mm；叶尖稍反卷，基部短鞘状抱茎。花棕紫色或棕黄色，长3~4cm，单生或数朵簇生；具宿萼，萼筒长2.5~3.5cm，约为全花的3/4；萼下有小苞片，长约为萼筒的1/4，先端急尖或渐尖，外表有规则的纵纹；花瓣先端深裂呈流苏状。茎质硬脆，折断面中空。气无，味甘。,以色青绿，花未开放者为佳。,苦，寒。,利尿通淋，破血通经。用于热淋、血淋、石淋、小便不通、淋沥涩痛。
肉苁蓉,Roucongrong,Desertliving Cistanche Herb,Cistanches Herba,全草类,列当科植物肉苁蓉Cistanche deserticola Y. C. Ma、管花肉苁蓉Cistanche tubulosa (Schrenk) Wight的干燥带鳞叶的肉质茎。,主产于内蒙古、新疆、陕西等地。,肉苁蓉：呈扁圆柱形，稍弯曲，长 3~5cm，直径2~8cm，表面棕褐色或灰棕色。密被覆瓦状排列的肉质鳞叶，通常鳞叶先端已断。体重、质硬，微有柔性，不易折断，断面棕褐色，有淡棕色点状维管束，排列成波状环纹。气微味甜、微苦。管花肉苁蓉：呈扁圆柱形、扁纺锤形、扁卵圆形、扁圆形等不规则形，长6~8cm，直径4~6.5cm，表面红棕色、灰黄棕色或棕褐色，多扭曲。密被略呈覆瓦状排列的肉质鳞片，上部密下部疏、鳞片先端多已断落，残基部宽多在l厘米以上，整个鳞片略呈长三角形，高约1cm。体重、质坚硬，无韧性，难折断，断面颗粒性，多呈灰棕色，有的外圈呈黑色硬胶质样。黑褐色点状维管束众多，不规则散在，有的有小裂隙。气微，味甜、微苦。,以条粗壮、密生鳞叶、质柔润者为佳。,甘、咸，温。,具有补肾阳，益精血，润肠通便的功效。主治肾阳虚衰，精血亏损，阳痿，遗精，腰膝冷痛，耳鸣目花，带浊，尿频，月经愆期，崩漏，不孕不育，肠燥便秘。
伸筋草,Shenjincao,Japanese Clubmoss Herb,Lycopodii Herba,全草类,石松科植物石松Lycopodium japonicum Thunb.的干燥全草。,主产于江苏、浙江、湖北等地。,干燥根茎略弯曲，呈结节状，上面具茎痕，下面具多数细长的根，长12~32cm，直径1~3mm，表面黄白色或黄棕色，有细皱纹。质韧，不易折断，断面不平坦，白色，有黄白色木心。气无，味微苦，带粘性。,以茎长、色黄绿者为佳。,苦、辛，温。,祛风散寒，除湿消肿，舒筋活络。用于风寒湿痹，筋脉拘挛疼痈。外用治跌打扭伤肿痛。
石斛,Shihu,Noble Dendrobium Stem Herb,Dendrobii Caulis,全草类,兰科植物金钗石斛Dendrobium nobile Lindl.以及铁皮石斛Dendrobium officinale Kimura et Migo、马鞭石斛Dendrobium fimbriatum Hook. var. oculatum Hook.的新鲜或干燥茎。,主产于广西、云南、浙江、贵州等地。,金钗石斛：茎中、下部扁圆柱形，向上稍“之”字形弯曲，长18~42cm，中部直径0.4~1cm，节间长1.5~6cm。表面金黄色或绿黄色，有光泽，具深纵沟及纵纹，节稍膨大，棕色，常残留灰褐色叶鞘。质轻而脆，断面较疏松。气微，味苦。铁皮石斛：茎细长圆柱形，常弯曲，盘绕成团或捆成把，长11~40cm，直径1~3mm，节间长0.4~2.3cm。表面金黄色，有光泽，具细纵纹。质柔韧而实，断面较平坦。叶鞘常短于节间，留有环状间隙，味淡或微苦。马鞭石斛：茎细长圆锥形，上部有少数分枝，长30~150cm，直径2~8mm，节间长2~4.5cm。表面棕黄色，有8~9条纵沟。质疏松，断面纤维性。气微，味微苦。商品常切成1.5~3cm长段，切面灰白色。,以金黄色、有光泽、质柔韧者为佳。,甘，微寒。,养阴清热，益胃生津。用于热伤津液，低热烦渴，舌红少苔；胃阴不足，口渴咽干，呕逆少食，胃脘隐痛，舌光少苔；肾阴不足，视物昏花。
锁阳,Suoyang,Songaria Cynomorium Herb,Cynomorii Herba,全草类,锁阳科植物锁阳Cynomorium songaricum Rupr. 的干燥肉质茎。,主产内蒙古、宁夏、新疆、甘肃等地。,呈扁圆柱形或一端略细，长8~21cm，直径2~5cm。表面红棕色至深棕色，皱缩不平，形成粗大的纵沟或不规则的凹陷，有时可见三角形的鳞片，和有部分花序存在。质坚硬，不易折断，断面略显颗粒性，棕色而柔润。气微香，味微苦而涩。锁阳片为横切或斜切成的厚约1cm左右的片段，往往用绳穿串。,以个肥大、色红、坚实、断面粉性、不显筋脉者为佳。,甘，温。,补肾润肠。治阳痿，尿血，血枯便秘，腰膝痿弱。
天山雪莲,Tianshanxuelian,Snow Lotus Herb,Saussureae Involucratae Herba,全草类,菊科植物天山雪莲Saussurea involucrata (Kar. et Kir.) Sch. Bip.的干燥地上部分。,主产新疆、青海、甘肃等地。,本品茎呈圆柱形，长2~48cm，直径0.5~3cm；表面黄绿色或黄棕色，有的微带紫色，具纵棱，断面中空。茎生叶密集排列，无柄，或脱落留有残基，完整叶片呈卵状长圆形或广披针形，两面被柔毛，边缘有锯齿和缘毛，主脉明显。头状花序顶生，10~42个密集成圆球形，无梗。苞叶长卵形或卵形，无柄，中部凹陷呈舟状，膜质，半透明。总苞片3~4层，披针形，外层多呈紫褐色，内层棕黄色或黄白色。花管状，紫红色，柱头2裂。瘦果圆柱形，具纵棱，羽状冠毛2层。体轻，质脆。气微香，味微苦。,以完整、叶密集者为佳。,微苦，温。,温肾助阳，祛风胜湿，通经活血。用于风塞湿痹痛、类风湿性关节炎，小腹疼痛，月经不调。
委陵菜,Weilingcai,Chinese Cinquefoil Herb,Potentillae Chinensis Herba,全草类,蔷薇科植物委陵菜Potentilla chinensis Ser.的干燥全草。,主产于安徽、吉林、辽宁、山东等地。,该品根呈圆柱形或类圆锥形，略扭曲，有的有分枝，长5~17cm，直径0.5~1cm；表面暗棕色或暗紫红色，有纵纹，粗皮易成片状剥落；根头部稍膨大；质硬，易折断，断面皮部薄，暗棕色，常与木部分离，射线呈放射状排列。叶基生，单数羽状复叶，有柄；小叶狭长椭圆形，边缘羽状深裂，下表面及叶柄均密被灰白色柔毛。气微，味涩、微苦。,以灰白色、无花茎、无杂质者为佳。,苦，寒。,清热解毒，凉血止痢。用于赤痢腹痛，久痢不止，痔疮出血，痈肿疮毒。
香薷,Xiangru,Chinese Mosla Herb,Moslae Herba,全草类,唇形科植物石香薷Mosla chinensis Maxim.以及香薷变种江香薷Mosla chinensis ‘Jiangxiangru’的干燥地上部分。,主产福建、湖南、广东、广西等地。,全体长14~30cm，被白以短茸毛。茎多分枝，四方柱形，近基部圆形，直径0.5~5mm；表面黄棕以，近基部常呈棕红色，节明显，节间长2~5cm；质脆，易折断，断面淡黄色，叶对生，多脱落，皱缩或破碎，完整者展平后呈狭长披针形，长0.7~2.5cm，宽约4mm，边缘有疏锯齿，黄绿色或暗绿以；质脆，易碎。花轮密集成头状；苞片被白色柔毛；花萼钟状，先端5裂；花冠皱缩或脱落。小是对果4，包于宿萼内，香气浓，味辛凉。栽培品全体长35~60cm，疏被较长的茸毛；茎较粗，节间长4~7cm。,以枝嫩、穗多、香气浓者为佳。,辛、甘，温。,发汗解暑，行水散湿，温胃调中。主治：夏月感寒饮冷，头痛发热，恶寒无汗，胸痞腹痛，呕吐腹泻，水肿，脚气。
仙鹤草,Xianhecao,Hairyvein Agrimonia Herb,Agrimoniae Herba,全草类,蔷薇科植物龙牙草Agrimonia pilosa Ledeb.的干燥地上部分。,主产浙江、江苏等地。,本品长50~100cm，全体被白色柔毛，茎下部圆柱形，直径4~6mm，红棕色，上部方柱形，四面略凹陷，绿褐色，有纵沟及棱线，有节；体轻，质硬，易折断，断面中空。单数羽状复叶互生，暗绿色，皱缩卷曲；质脆，易碎；叶片有大小2种，相间生于叶轴上，顶端小叶较大，完整小叶片展平后呈卵形或长椭圆形，先端尖，基部楔形，边缘有锯齿；托叶2，抱茎，斜卵形。总状花序细长，花萼下部呈筒状，萼筒上部有钩刺，先端5裂，花瓣黄色。气微，味微苦。,以梗紫色、叶青绿、多而完整、无杂质者为佳。,苦、涩，平。,收敛止血，止痢，杀虫。广泛用于各种出血之证，例如：吐血、尿血、便血、崩漏、咯血、衄血，赤白痢疾，劳伤脱力，痈肿，跌打，创伤出血等证。
豨莶草,Xixiancao,Common St. Paulswort HerbGlandulartalk St. Paulswort Herb,Siegesbeckiae Herba,全草类,菊科植物豨莶Siegesbeckia orientalis L.以及腺梗豨莶Siegesbeckia pubescens Makino、毛梗豨莶Siegesbeckia glabrescens Makino的干燥地上部分。,主产长江以南各地。,本品茎略呈方柱形，多分枝，长30~110cm，直径0.3~1cm；表面灰绿色、黄棕色或紫棕色，有纵沟及细纵纹，被灰色柔毛；节明显，略膨大；质脆，易折断，断面黄白色或带绿色，髓部宽广，类白色，中空。叶对生，叶片多皱缩、卷曲，展平后呈卵圆形，灰绿色，边缘有钝锯齿，两面皆有白色柔毛，主脉3出。有的可见黄色头状花序，总苞片匙形。气微，味微苦。,以叶多、绿色、质嫩者为佳。,辛、苦，寒。,祛风湿，利关节，解毒。用于风湿痹痛、筋骨无力 、腰膝酸软、四肢麻痹、半身不遂、风疹湿疮。
益母草,Yimucao,Common Motherwort Herb,Leonuri Herba,全草类,唇形科植物益母草Leonurus japonicus Houtt.的新鲜或干燥地上部分。,全国各地均产。,鲜益母草：幼苗期无茎，基生叶圆心形，边缘5~9浅裂，每裂片有2~3钝齿。花前期茎呈方柱形，上部多分枝，四面凹下成纵沟，长30~60cm，直径0.2~0.5cm ；表面青绿色；质鲜嫩，断面中部有髓。叶交互对生，有柄；叶片青绿色，质鲜嫩，揉之有汁；下部茎生叶掌状3 裂，上部叶羽状深裂或浅裂成3 片，裂片全缘或具少数锯齿。气微，味微苦。干益母草：茎表面灰绿色或黄绿色；体轻，质韧，断面中部有髓。叶片灰绿色，多皱缩、破碎，易脱落。轮伞花序腋生，小花淡紫色，花萼筒状，花冠二唇形。切段者长约2cm。,以枝嫩、黄绿色、带叶花者为佳。,辛、苦，凉。,活血、祛淤、调经、消水。治疗妇女月经不调，胎漏难产，胞衣不下，产后血晕，瘀血腹痛，崩中漏下，尿血、泻血，痈肿疮疡。
茵陈,Yinchen,Capillary Wormwood Herb,Artemisiae Scopariae Herba,全草类,菊科植物茵陈蒿Artemisia capillaris Thunb.或滨蒿Artemisia scoparia Waldst. et Kit.的干燥地上部分。春季采收的吸光成为“绵茵陈”。秋季采割的则称为“茵陈蒿”。,主产安徽、陕西、山西等地。,绵茵陈：多卷曲成团状，灰白色或灰绿色，全体密被白色茸毛，绵软如绒。茎细小，长1.5~2.5cm，直径0.1~0.2cm，除去表面白色茸毛后可见明显纵纹；质脆，易折断。叶具柄；展平后叶片呈一至三回羽状分裂，叶片长1~3cm，宽约1cm；小裂片卵形或稍呈倒披针形、条形，先端尖锐。气清香，味微苦。茵陈蒿：茎呈圆柱形，多分枝，长30~100cm，直径2~8mm；表面淡紫色或紫色，有纵条纹，被短柔毛；体轻，质脆，断面类白色。叶密集，或多脱落；下部叶二至三回羽状深裂，裂片条形或细条形，两面密被白色柔毛；茎生叶一至二回羽状全裂，基部抱茎，裂片细丝状；头状花序卵形，多数集成圆锥状，长1.2~1.5mm，直径1~1.2mm，有短梗；总苞片3~4层，卵形，苞片3裂；外层雌花6~10个，可多达15个，内层两性花2~10个。瘦果长圆形，黄棕色。气芳香，味微苦。,以质嫩、绵软、色灰白、香气浓者为佳。,苦、辛，微寒。,清热利湿；退黄。主治：黄疸、小便不利、湿疮瘙痒、传染性黄疸型肝炎。
淫羊藿,Yinyanghuo,Short-horned Epimedium Herb,Epimedii Folium,全草类,小檗科植物淫羊藿Epimedium brevicornum Maxim. 、箭叶淫羊藿Epimedium sagittatum (Sieb.et Zucc.) Maxim. 、柔毛淫羊藿Epimedium pubescens Maxim.、巫山淫羊藿Epimedium wushanense T. S.Ying、或朝鲜淫羊藿Epimedium koreanum Nakai的干燥地上部分。,主产安徽、湖北、陕西、浙江等地。,淫羊藿：茎细圆柱形，长约20cm，表面黄绿色或淡黄色，具光泽。茎生叶对生，二回三出复叶；小叶片卵圆形，长3~8cm，宽2~6cm；先端微尖，顶生小叶基部心形，两侧小叶较小，偏心形，外侧较大，呈耳状，边缘具黄色刺毛状细锯齿；上表面黄绿色，下表面灰绿色，主脉7~9条，基部有稀疏细长毛，细脉两面突起，网脉明显；小叶柄长1~5cm。叶片近革质。无臭，味微苦。箭叶淫羊藿：一回三出复叶，小叶片长卵形至卵状披针形，长4~12cm，宽2.5~5cm；先端浙尖，两侧小叶基部明显偏斜，外侧呈箭形。下表面疏被粗短伏毛或近无毛。叶片革质。柔毛淫羊藿：叶下表面及叶柄密被绒毛状柔毛。巫山淫羊藿：小叶片披针形至狭披针形，长9~23cm，宽1.8~4.5cm；先端渐尖或长渐尖，边缘具刺齿，侧生小叶基部的裂片偏斜，内边裂片小，圆形，外边裂片大，三角形，渐尖。下表面被绵毛或秃净。朝鲜淫羊藿：小叶较大，长4~10cm，宽3.5~7cm，先端长尖。叶片较薄。,以叶多、不碎、黄绿色者为佳。,辛、甘，温。,补肾阳，强筋骨，祛风湿。
鱼腥草,Yuxingcao,Heartleaf Houttuynia Herb,Houttuyniae Herba,全草类,三白草科植物蕺菜Houttuynia cordata Thunb.的新鲜全草或干燥地上部分。,主产长江以南各地。,干品茎呈扁圆柱形，扭曲，长20~35cm，直径0.2~0.3cm；表面棕黄色，具纵棱数条，节明显，下部节上有残存须根；质脆，易折断。叶互生，叶片卷折皱缩，展平后呈心形，长3~5cm，宽3~4.5cm；先端渐尖，全缘；上表面暗黄绿色至暗棕色，下表面灰绿色或灰棕色；叶柄细长，基部与托叶合生成鞘状。穗状花序顶生，黄棕色。搓碎有鱼腥气，味微涩。,以叶多、色绿、有花穗、鱼腥气浓者为佳。,苦、微寒。,清热解毒；排脓消痈；利尿通淋。主治肺痈吐脓；痰热喘咳；喉咙；热痢；痈肿疮毒；热淋。
肿节风,Zhongjiefeng,Glabrous Scrcandra Herb,Sarcandrae Herba,全草类,金粟兰科植物草珊瑚Sarcandra glabra (Thunb.) Nakai的干燥全草。,主产四川、广西、浙江、江西等地。,本品长50~120cm。根茎较粗大，密生细根。茎圆柱形，多分枝，直径0.3~1.3cm；表面暗绿色至暗褐色，有明显细纵纹，散有纵向皮孔，节膨大；质脆，易折断，断面有髓或中空。叶对生，叶片卵状披针形至卵状椭圆形，长5~15cm，宽3~6cm；表面绿色、绿褐色至棕褐色或棕红色，光滑；边缘有粗锯齿，齿尖腺体黑褐色，叶柄长约 1cm；近革质。穗状花序顶生，常分枝。气微香，味微辛。,以茎、叶色绿者为佳。,苦、辛，平。,抗菌消炎，祛风通络，活血散结。用于肺炎、阑尾炎、蜂窝组织炎、风湿痹痛、跌扑损伤、肿瘤。
佩兰,Peilan,Fortune’s Eupatorium Herb,Eupatorii Herba,全草类,菊科植物佩兰Eupatorium fortunei Turcz.的干燥地上部分。,主产于河北、山东、江苏、广东、广西、四川、贵州、云南、浙江、福建等地区。,本品茎呈圆柱形，表面黄棕色或黄绿色，有的带紫色，有明显的节和纵棱线；质脆，断面髓部白色或中空。叶对生，有柄，叶片多皱缩、破碎，绿褐色，完整叶片3裂或不分裂，分裂者中间裂片较大，展平后呈披针形或长圆状披针形，基部狭窄，边缘有锯齿；不分裂者展平后呈卵圆形、卵状披针形或椭圆形。气芳香，味微苦。,以质嫩、叶多、色绿、香气浓郁者为佳。,辛，平。,芳香化湿，醒脾开胃，发表解暑。用于湿浊中阻，脘痞呕恶，口中甜腻，口臭，多涎，暑湿表证，湿温初起，发热倦怠，胸闷不舒。
泽兰,Zelan,Hirsute Bugleweed Herb,Lycopi Herba,全草类,唇形科植物毛叶地瓜儿苗Lycopus lucidus Turcz. var. hirtus Regel的干燥地上部分。,主产于江苏、浙江、安徽等地区。,本品茎呈方柱形，少分枝，四面均有浅纵沟，表面黄绿色或带紫色，节处紫色明显，有白色茸毛；质脆，断面黄白色，髓部中空。叶对生，有短柄或近无柄；叶片多皱缩，展平后呈披针形或长圆形。上表面黑绿色或暗绿色，下表面灰绿色，密具腺点，两面均有短毛；先端尖.基部渐狭，边缘有锯齿。轮伞花序腋生，花冠多脱落，苞片和花萼宿存，小包片披针形，有缘毛，花萼钟形，5齿。气微，味淡。,以身干、质嫩、色绿、叶多、不破碎者为佳。,苦、辛，微温。,活血调经，祛瘀消痈，利水消肿。用于月经不调，经闭，痛经，产后瘀血腹痛，疮痈肿毒，水肿腹水。
丁香,Dingxiang,Clove,Caryophylli Flos,花类,桃金娘科植物丁香Eugenia caryophyllata Thunb.的干燥花蕾。,主产于坦桑尼亚的桑给巴尔岛以及马来西亚、印尼等地。我国海南、广东有栽培。,干燥的花蕾略呈短棒状，长1.5~2cm，红棕色至暗棕色；下部为圆柱状略扁的萼管，长1~1.3cm，宽约5mm，厚约3mm，基部渐狭小，表面粗糙，刻之有油渗出，萼管上端有4片三角形肥厚的萼；上部近圆球形，径约6mm，具花瓣4片，互相抱合。将花蕾剖开，可见多数雄蕊，花丝向中心弯曲，中央有一粗壮直立的花柱，质坚实而重，入水即沉；断面有油性，用指甲划之可见油质渗出；气强烈芳香，味辛。,以个大、粗壮、鲜紫棕色、香气强烈、油多者为佳。,甘，温。,暖胃，温肾。治胃寒痛胀、呃逆、吐泻、痹痛、疝痛、口臭、牙痛。
